{
    "id": "float",
    "flag_tsunami": "str",
    "year": "float",
    "month": "float",
    "day": "float",
    "hour": "float",
    "minute": "float",
    "second": "float",
    "focal_depth": "float",
    "eq_primary": "float",
    "eq_mag_mw": "float",
    "eq_mag_ms": "float",
    "eq_mag_mb": "float",
    "intensity": "float",
    "country": "str",
    "state": "str",
    "location_name": "str",
    "latitude": "float",
    "longitude": "float",
    "region_code": "str",
    "injuries": "float",
    "injuries_description": "str",
    "damage_millions_dollars": "float",
    "damage_description": "str",
    "total_injuries": "float",
    "total_injuries_description": "str",
    "total_damage_millions_dollars": "float",
    "total_damage_description": "str"
}